{
    "42-group": "e080",
    "500px": "f26e",
    "accessible-icon": "f368",
    "accusoft": "f369",
    "adn": "f170",
    "adversal": "f36a",
    "affiliatetheme": "f36b",
    "airbnb": "f834",
    "algolia": "f36c",
    "alipay": "f642",
    "amazon": "f270",
    "amazon-pay": "f42c",
    "amilia": "f36d",
    "android": "f17b",
    "angellist": "f209",
    "angrycreative": "f36e",
    "angular": "f420",
    "app-store": "f36f",
    "app-store-ios": "f370",
    "apper": "f371",
    "apple": "f179",
    "apple-pay": "f415",
    "artstation": "f77a",
    "asymmetrik": "f372",
    "atlassian": "f77b",
    "audible": "f373",
    "autoprefixer": "f41c",
    "avianex": "f374",
    "aviato": "f421",
    "aws": "f375",
    "bandcamp": "f2d5",
    "battle-net": "f835",
    "behance": "f1b4",
    "bilibili": "e3d9",
    "bimobject": "f378",
    "bitbucket": "f171",
    "bitcoin": "f379",
    "bity": "f37a",
    "black-tie": "f27e",
    "blackberry": "f37b",
    "blogger": "f37c",
    "blogger-b": "f37d",
    "bluesky": "e671",
    "bluetooth": "f293",
    "bluetooth-b": "f294",
    "bootstrap": "f836",
    "bots": "e340",
    "brave": "e63c",
    "brave-reverse": "e63d",
    "btc": "f15a",
    "buffer": "f837",
    "buromobelexperte": "f37f",
    "buy-n-large": "f8a6",
    "buysellads": "f20d",
    "canadian-maple-leaf": "f785",
    "cc-amazon-pay": "f42d",
    "cc-amex": "f1f3",
    "cc-apple-pay": "f416",
    "cc-diners-club": "f24c",
    "cc-discover": "f1f2",
    "cc-jcb": "f24b",
    "cc-mastercard": "f1f1",
    "cc-paypal": "f1f4",
    "cc-stripe": "f1f5",
    "cc-visa": "f1f0",
    "centercode": "f380",
    "centos": "f789",
    "chrome": "f268",
    "chromecast": "f838",
    "cloudflare": "e07d",
    "cloudscale": "f383",
    "cloudsmith": "f384",
    "cloudversify": "f385",
    "cmplid": "e360",
    "codepen": "f1cb",
    "codiepie": "f284",
    "confluence": "f78d",
    "connectdevelop": "f20e",
    "contao": "f26d",
    "cotton-bureau": "f89e",
    "cpanel": "f388",
    "creative-commons": "f25e",
    "creative-commons-by": "f4e7",
    "creative-commons-nc": "f4e8",
    "creative-commons-nc-eu": "f4e9",
    "creative-commons-nc-jp": "f4ea",
    "creative-commons-nd": "f4eb",
    "creative-commons-pd": "f4ec",
    "creative-commons-pd-alt": "f4ed",
    "creative-commons-remix": "f4ee",
    "creative-commons-sa": "f4ef",
    "creative-commons-sampling": "f4f0",
    "creative-commons-sampling-plus": "f4f1",
    "creative-commons-share": "f4f2",
    "creative-commons-zero": "f4f3",
    "critical-role": "f6c9",
    "css": "e6a2",
    "css3": "f13c",
    "css3-alt": "f38b",
    "cuttlefish": "f38c",
    "d-and-d": "f38d",
    "d-and-d-beyond": "f6ca",
    "dailymotion": "e052",
    "dart-lang": "e693",
    "dashcube": "f210",
    "debian": "e60b",
    "deezer": "e077",
    "delicious": "f1a5",
    "deploydog": "f38e",
    "deskpro": "f38f",
    "dev": "f6cc",
    "deviantart": "f1bd",
    "dhl": "f790",
    "diaspora": "f791",
    "digg": "f1a6",
    "digital-ocean": "f391",
    "discord": "f392",
    "discourse": "f393",
    "dochub": "f394",
    "docker": "f395",
    "draft2digital": "f396",
    "dribbble": "f17d",
    "dropbox": "f16b",
    "drupal": "f1a9",
    "dyalog": "f399",
    "earlybirds": "f39a",
    "ebay": "f4f4",
    "edge": "f282",
    "edge-legacy": "e078",
    "elementor": "f430",
    "ello": "f5f1",
    "ember": "f423",
    "empire": "f1d1",
    "envira": "f299",
    "erlang": "f39d",
    "ethereum": "f42e",
    "etsy": "f2d7",
    "evernote": "f839",
    "expeditedssl": "f23e",
    "facebook": "f09a",
    "facebook-f": "f39e",
    "facebook-messenger": "f39f",
    "fantasy-flight-games": "f6dc",
    "fedex": "f797",
    "fedora": "f798",
    "figma": "f799",
    "files-pinwheel": "e69f",
    "firefox": "f269",
    "firefox-browser": "e007",
    "first-order": "f2b0",
    "first-order-alt": "f50a",
    "firstdraft": "f3a1",
    "flickr": "f16e",
    "flipboard": "f44d",
    "flutter": "e694",
    "fly": "f417",
    "font-awesome": "f2b4",
    "fonticons": "f280",
    "fonticons-fi": "f3a2",
    "fort-awesome": "f286",
    "fort-awesome-alt": "f3a3",
    "forumbee": "f211",
    "foursquare": "f180",
    "free-code-camp": "f2c5",
    "freebsd": "f3a4",
    "fulcrum": "f50b",
    "galactic-republic": "f50c",
    "galactic-senate": "f50d",
    "get-pocket": "f265",
    "gg": "f260",
    "gg-circle": "f261",
    "git": "f1d3",
    "git-alt": "f841",
    "github": "f09b",
    "github-alt": "f113",
    "gitkraken": "f3a6",
    "gitlab": "f296",
    "gitter": "f426",
    "glide": "f2a5",
    "glide-g": "f2a6",
    "gofore": "f3a7",
    "golang": "e40f",
    "goodreads": "f3a8",
    "goodreads-g": "f3a9",
    "google": "f1a0",
    "google-drive": "f3aa",
    "google-pay": "e079",
    "google-play": "f3ab",
    "google-plus": "f2b3",
    "google-plus-g": "f0d5",
    "google-scholar": "e63b",
    "google-wallet": "f1ee",
    "gratipay": "f184",
    "grav": "f2d6",
    "gripfire": "f3ac",
    "grunt": "f3ad",
    "guilded": "e07e",
    "gulp": "f3ae",
    "hacker-news": "f1d4",
    "hackerrank": "f5f7",
    "hashnode": "e499",
    "hips": "f452",
    "hire-a-helper": "f3b0",
    "hive": "e07f",
    "hooli": "f427",
    "hornbill": "f592",
    "hotjar": "f3b1",
    "houzz": "f27c",
    "html5": "f13b",
    "hubspot": "f3b2",
    "ideal": "e013",
    "imdb": "f2d8",
    "instagram": "f16d",
    "instalod": "e081",
    "intercom": "f7af",
    "internet-explorer": "f26b",
    "invision": "f7b0",
    "ioxhost": "f208",
    "itch-io": "f83a",
    "itunes": "f3b4",
    "itunes-note": "f3b5",
    "java": "f4e4",
    "jedi-order": "f50e",
    "jenkins": "f3b6",
    "jira": "f7b1",
    "joget": "f3b7",
    "joomla": "f1aa",
    "js": "f3b8",
    "jsfiddle": "f1cc",
    "jxl": "e67b",
    "kaggle": "f5fa",
    "keybase": "f4f5",
    "keycdn": "f3ba",
    "kickstarter": "f3bb",
    "kickstarter-k": "f3bc",
    "korvue": "f42f",
    "laravel": "f3bd",
    "lastfm": "f202",
    "leanpub": "f212",
    "less": "f41d",
    "letterboxd": "e62d",
    "line": "f3c0",
    "linkedin": "f08c",
    "linkedin-in": "f0e1",
    "linode": "f2b8",
    "linux": "f17c",
    "lyft": "f3c3",
    "magento": "f3c4",
    "mailchimp": "f59e",
    "mandalorian": "f50f",
    "markdown": "f60f",
    "mastodon": "f4f6",
    "maxcdn": "f136",
    "mdb": "f8ca",
    "medapps": "f3c6",
    "medium": "f23a",
    "medrt": "f3c8",
    "meetup": "f2e0",
    "megaport": "f5a3",
    "mendeley": "f7b3",
    "meta": "e49b",
    "microblog": "e01a",
    "microsoft": "f3ca",
    "mintbit": "e62f",
    "mix": "f3cb",
    "mixcloud": "f289",
    "mixer": "e056",
    "mizuni": "f3cc",
    "modx": "f285",
    "monero": "f3d0",
    "napster": "f3d2",
    "neos": "f612",
    "nfc-directional": "e530",
    "nfc-symbol": "e531",
    "nimblr": "f5a8",
    "node": "f419",
    "node-js": "f3d3",
    "npm": "f3d4",
    "ns8": "f3d5",
    "nutritionix": "f3d6",
    "octopus-deploy": "e082",
    "odnoklassniki": "f263",
    "odysee": "e5c6",
    "old-republic": "f510",
    "opencart": "f23d",
    "openid": "f19b",
    "opensuse": "e62b",
    "opera": "f26a",
    "optin-monster": "f23c",
    "orcid": "f8d2",
    "osi": "f41a",
    "padlet": "e4a0",
    "page4": "f3d7",
    "pagelines": "f18c",
    "palfed": "f3d8",
    "patreon": "f3d9",
    "paypal": "f1ed",
    "perbyte": "e083",
    "periscope": "f3da",
    "phabricator": "f3db",
    "phoenix-framework": "f3dc",
    "phoenix-squadron": "f511",
    "php": "f457",
    "pied-piper": "f2ae",
    "pied-piper-alt": "f1a8",
    "pied-piper-hat": "f4e5",
    "pied-piper-pp": "f1a7",
    "pinterest": "f0d2",
    "pinterest-p": "f231",
    "pix": "e43a",
    "pixiv": "e640",
    "playstation": "f3df",
    "product-hunt": "f288",
    "pushed": "f3e1",
    "python": "f3e2",
    "qq": "f1d6",
    "quinscape": "f459",
    "quora": "f2c4",
    "r-project": "f4f7",
    "raspberry-pi": "f7bb",
    "ravelry": "f2d9",
    "react": "f41b",
    "reacteurope": "f75d",
    "readme": "f4d5",
    "rebel": "f1d0",
    "red-river": "f3e3",
    "reddit": "f1a1",
    "reddit-alien": "f281",
    "redhat": "f7bc",
    "renren": "f18b",
    "replyd": "f3e6",
    "researchgate": "f4f8",
    "resolving": "f3e7",
    "rev": "f5b2",
    "rocketchat": "f3e8",
    "rockrms": "f3e9",
    "rust": "e07a",
    "safari": "f267",
    "salesforce": "f83b",
    "sass": "f41e",
    "schlix": "f3ea",
    "screenpal": "e570",
    "scribd": "f28a",
    "searchengin": "f3eb",
    "sellcast": "f2da",
    "sellsy": "f213",
    "servicestack": "f3ec",
    "shirtsinbulk": "f214",
    "shoelace": "e60c",
    "shopify": "e057",
    "shopware": "f5b5",
    "signal-messenger": "e663",
    "simplybuilt": "f215",
    "sistrix": "f3ee",
    "sith": "f512",
    "sitrox": "e44a",
    "sketch": "f7c6",
    "skyatlas": "f216",
    "skype": "f17e",
    "slack": "f198",
    "slideshare": "f1e7",
    "snapchat": "f2ab",
    "soundcloud": "f1be",
    "sourcetree": "f7d3",
    "space-awesome": "e5ac",
    "speakap": "f3f3",
    "speaker-deck": "f83c",
    "spotify": "f1bc",
    "square-behance": "f1b5",
    "square-bluesky": "e6a3",
    "square-dribbble": "f397",
    "square-facebook": "f082",
    "square-font-awesome": "e5ad",
    "square-font-awesome-stroke": "f35c",
    "square-git": "f1d2",
    "square-github": "f092",
    "square-gitlab": "e5ae",
    "square-google-plus": "f0d4",
    "square-hacker-news": "f3af",
    "square-instagram": "e055",
    "square-js": "f3b9",
    "square-lastfm": "f203",
    "square-letterboxd": "e62e",
    "square-odnoklassniki": "f264",
    "square-pied-piper": "e01e",
    "square-pinterest": "f0d3",
    "square-reddit": "f1a2",
    "square-snapchat": "f2ad",
    "square-steam": "f1b7",
    "square-threads": "e619",
    "square-tumblr": "f174",
    "square-twitter": "f081",
    "square-upwork": "e67c",
    "square-viadeo": "f2aa",
    "square-vimeo": "f194",
    "square-web-awesome": "e683",
    "square-web-awesome-stroke": "e684",
    "square-whatsapp": "f40c",
    "square-x-twitter": "e61a",
    "square-xing": "f169",
    "square-youtube": "f431",
    "squarespace": "f5be",
    "stack-exchange": "f18d",
    "stack-overflow": "f16c",
    "stackpath": "f842",
    "staylinked": "f3f5",
    "steam": "f1b6",
    "steam-symbol": "f3f6",
    "sticker-mule": "f3f7",
    "strava": "f428",
    "stripe": "f429",
    "stripe-s": "f42a",
    "stubber": "e5c7",
    "studiovinari": "f3f8",
    "stumbleupon": "f1a4",
    "stumbleupon-circle": "f1a3",
    "superpowers": "f2dd",
    "supple": "f3f9",
    "suse": "f7d6",
    "swift": "f8e1",
    "symfony": "f83d",
    "teamspeak": "f4f9",
    "telegram": "f2c6",
    "tencent-weibo": "f1d5",
    "the-red-yeti": "f69d",
    "themeco": "f5c6",
    "themeisle": "f2b2",
    "think-peaks": "f731",
    "threads": "e618",
    "tiktok": "e07b",
    "trade-federation": "f513",
    "trello": "f181",
    "tumblr": "f173",
    "twitch": "f1e8",
    "twitter": "f099",
    "typo3": "f42b",
    "uber": "f402",
    "ubuntu": "f7df",
    "uikit": "f403",
    "umbraco": "f8e8",
    "uncharted": "e084",
    "uniregistry": "f404",
    "unity": "e049",
    "unsplash": "e07c",
    "untappd": "f405",
    "ups": "f7e0",
    "upwork": "e641",
    "usb": "f287",
    "usps": "f7e1",
    "ussunnah": "f407",
    "vaadin": "f408",
    "viacoin": "f237",
    "viadeo": "f2a9",
    "viber": "f409",
    "vimeo": "f40a",
    "vimeo-v": "f27d",
    "vine": "f1ca",
    "vk": "f189",
    "vnv": "f40b",
    "vuejs": "f41f",
    "watchman-monitoring": "e087",
    "waze": "f83f",
    "web-awesome": "e682",
    "webflow": "e65c",
    "weebly": "f5cc",
    "weibo": "f18a",
    "weixin": "f1d7",
    "whatsapp": "f232",
    "whmcs": "f40d",
    "wikipedia-w": "f266",
    "windows": "f17a",
    "wirsindhandwerk": "e2d0",
    "wix": "f5cf",
    "wizards-of-the-coast": "f730",
    "wodu": "e088",
    "wolf-pack-battalion": "f514",
    "wordpress": "f19a",
    "wordpress-simple": "f411",
    "wpbeginner": "f297",
    "wpexplorer": "f2de",
    "wpforms": "f298",
    "wpressr": "f3e4",
    "x-twitter": "e61b",
    "xbox": "f412",
    "xing": "f168",
    "y-combinator": "f23b",
    "yahoo": "f19e",
    "yammer": "f840",
    "yandex": "f413",
    "yandex-international": "f414",
    "yarn": "f7e3",
    "yelp": "f1e9",
    "yoast": "f2b1",
    "youtube": "f167",
    "zhihu": "f63f"
}