{
    "0": "30",
    "1": "31",
    "2": "32",
    "3": "33",
    "4": "34",
    "5": "35",
    "6": "36",
    "7": "37",
    "8": "38",
    "9": "39",
    "a": "41",
    "address-book": "f2b9",
    "address-card": "f2bb",
    "align-center": "f037",
    "align-justify": "f039",
    "align-left": "f036",
    "align-right": "f038",
    "anchor": "f13d",
    "anchor-circle-check": "e4aa",
    "anchor-circle-exclamation": "e4ab",
    "anchor-circle-xmark": "e4ac",
    "anchor-lock": "e4ad",
    "angle-down": "f107",
    "angle-left": "f104",
    "angle-right": "f105",
    "angle-up": "f106",
    "angles-down": "f103",
    "angles-left": "f100",
    "angles-right": "f101",
    "angles-up": "f102",
    "ankh": "f644",
    "apple-whole": "f5d1",
    "archway": "f557",
    "arrow-down": "f063",
    "arrow-down-1-9": "f162",
    "arrow-down-9-1": "f886",
    "arrow-down-a-z": "f15d",
    "arrow-down-long": "f175",
    "arrow-down-short-wide": "f884",
    "arrow-down-up-across-line": "e4af",
    "arrow-down-up-lock": "e4b0",
    "arrow-down-wide-short": "f160",
    "arrow-down-z-a": "f881",
    "arrow-left": "f060",
    "arrow-left-long": "f177",
    "arrow-pointer": "f245",
    "arrow-right": "f061",
    "arrow-right-arrow-left": "f0ec",
    "arrow-right-from-bracket": "f08b",
    "arrow-right-long": "f178",
    "arrow-right-to-bracket": "f090",
    "arrow-right-to-city": "e4b3",
    "arrow-rotate-left": "f0e2",
    "arrow-rotate-right": "f01e",
    "arrow-trend-down": "e097",
    "arrow-trend-up": "e098",
    "arrow-turn-down": "f149",
    "arrow-turn-up": "f148",
    "arrow-up": "f062",
    "arrow-up-1-9": "f163",
    "arrow-up-9-1": "f887",
    "arrow-up-a-z": "f15e",
    "arrow-up-from-bracket": "e09a",
    "arrow-up-from-ground-water": "e4b5",
    "arrow-up-from-water-pump": "e4b6",
    "arrow-up-long": "f176",
    "arrow-up-right-dots": "e4b7",
    "arrow-up-right-from-square": "f08e",
    "arrow-up-short-wide": "f885",
    "arrow-up-wide-short": "f161",
    "arrow-up-z-a": "f882",
    "arrows-down-to-line": "e4b8",
    "arrows-down-to-people": "e4b9",
    "arrows-left-right": "f07e",
    "arrows-left-right-to-line": "e4ba",
    "arrows-rotate": "f021",
    "arrows-spin": "e4bb",
    "arrows-split-up-and-left": "e4bc",
    "arrows-to-circle": "e4bd",
    "arrows-to-dot": "e4be",
    "arrows-to-eye": "e4bf",
    "arrows-turn-right": "e4c0",
    "arrows-turn-to-dots": "e4c1",
    "arrows-up-down": "f07d",
    "arrows-up-down-left-right": "f047",
    "arrows-up-to-line": "e4c2",
    "asterisk": "2a",
    "at": "40",
    "atom": "f5d2",
    "audio-description": "f29e",
    "austral-sign": "e0a9",
    "award": "f559",
    "b": "42",
    "baby": "f77c",
    "baby-carriage": "f77d",
    "backward": "f04a",
    "backward-fast": "f049",
    "backward-step": "f048",
    "bacon": "f7e5",
    "bacteria": "e059",
    "bacterium": "e05a",
    "bag-shopping": "f290",
    "bahai": "f666",
    "baht-sign": "e0ac",
    "ban": "f05e",
    "ban-smoking": "f54d",
    "bandage": "f462",
    "bangladeshi-taka-sign": "e2e6",
    "barcode": "f02a",
    "bars": "f0c9",
    "bars-progress": "f828",
    "bars-staggered": "f550",
    "baseball": "f433",
    "baseball-bat-ball": "f432",
    "basket-shopping": "f291",
    "basketball": "f434",
    "bath": "f2cd",
    "battery-empty": "f244",
    "battery-full": "f240",
    "battery-half": "f242",
    "battery-quarter": "f243",
    "battery-three-quarters": "f241",
    "bed": "f236",
    "bed-pulse": "f487",
    "beer-mug-empty": "f0fc",
    "bell": "f0f3",
    "bell-concierge": "f562",
    "bell-slash": "f1f6",
    "bezier-curve": "f55b",
    "bicycle": "f206",
    "binoculars": "f1e5",
    "biohazard": "f780",
    "bitcoin-sign": "e0b4",
    "blender": "f517",
    "blender-phone": "f6b6",
    "blog": "f781",
    "bold": "f032",
    "bolt": "f0e7",
    "bolt-lightning": "e0b7",
    "bomb": "f1e2",
    "bone": "f5d7",
    "bong": "f55c",
    "book": "f02d",
    "book-atlas": "f558",
    "book-bible": "f647",
    "book-bookmark": "e0bb",
    "book-journal-whills": "f66a",
    "book-medical": "f7e6",
    "book-open": "f518",
    "book-open-reader": "f5da",
    "book-quran": "f687",
    "book-skull": "f6b7",
    "book-tanakh": "f827",
    "bookmark": "f02e",
    "border-all": "f84c",
    "border-none": "f850",
    "border-top-left": "f853",
    "bore-hole": "e4c3",
    "bottle-droplet": "e4c4",
    "bottle-water": "e4c5",
    "bowl-food": "e4c6",
    "bowl-rice": "e2eb",
    "bowling-ball": "f436",
    "box": "f466",
    "box-archive": "f187",
    "box-open": "f49e",
    "box-tissue": "e05b",
    "boxes-packing": "e4c7",
    "boxes-stacked": "f468",
    "braille": "f2a1",
    "brain": "f5dc",
    "brazilian-real-sign": "e46c",
    "bread-slice": "f7ec",
    "bridge": "e4c8",
    "bridge-circle-check": "e4c9",
    "bridge-circle-exclamation": "e4ca",
    "bridge-circle-xmark": "e4cb",
    "bridge-lock": "e4cc",
    "bridge-water": "e4ce",
    "briefcase": "f0b1",
    "briefcase-medical": "f469",
    "broom": "f51a",
    "broom-ball": "f458",
    "brush": "f55d",
    "bucket": "e4cf",
    "bug": "f188",
    "bug-slash": "e490",
    "bugs": "e4d0",
    "building": "f1ad",
    "building-circle-arrow-right": "e4d1",
    "building-circle-check": "e4d2",
    "building-circle-exclamation": "e4d3",
    "building-circle-xmark": "e4d4",
    "building-columns": "f19c",
    "building-flag": "e4d5",
    "building-lock": "e4d6",
    "building-ngo": "e4d7",
    "building-shield": "e4d8",
    "building-un": "e4d9",
    "building-user": "e4da",
    "building-wheat": "e4db",
    "bullhorn": "f0a1",
    "bullseye": "f140",
    "burger": "f805",
    "burst": "e4dc",
    "bus": "f207",
    "bus-simple": "f55e",
    "business-time": "f64a",
    "c": "43",
    "cable-car": "f7da",
    "cake-candles": "f1fd",
    "calculator": "f1ec",
    "calendar": "f133",
    "calendar-check": "f274",
    "calendar-day": "f783",
    "calendar-days": "f073",
    "calendar-minus": "f272",
    "calendar-plus": "f271",
    "calendar-week": "f784",
    "calendar-xmark": "f273",
    "camera": "f030",
    "camera-retro": "f083",
    "camera-rotate": "e0d8",
    "campground": "f6bb",
    "candy-cane": "f786",
    "cannabis": "f55f",
    "capsules": "f46b",
    "car": "f1b9",
    "car-battery": "f5df",
    "car-burst": "f5e1",
    "car-on": "e4dd",
    "car-rear": "f5de",
    "car-side": "f5e4",
    "car-tunnel": "e4de",
    "caravan": "f8ff",
    "caret-down": "f0d7",
    "caret-left": "f0d9",
    "caret-right": "f0da",
    "caret-up": "f0d8",
    "carrot": "f787",
    "cart-arrow-down": "f218",
    "cart-flatbed": "f474",
    "cart-flatbed-suitcase": "f59d",
    "cart-plus": "f217",
    "cart-shopping": "f07a",
    "cash-register": "f788",
    "cat": "f6be",
    "cedi-sign": "e0df",
    "cent-sign": "e3f5",
    "certificate": "f0a3",
    "chair": "f6c0",
    "chalkboard": "f51b",
    "chalkboard-user": "f51c",
    "champagne-glasses": "f79f",
    "charging-station": "f5e7",
    "chart-area": "f1fe",
    "chart-bar": "f080",
    "chart-column": "e0e3",
    "chart-diagram": "e695",
    "chart-gantt": "e0e4",
    "chart-line": "f201",
    "chart-pie": "f200",
    "chart-simple": "e473",
    "check": "f00c",
    "check-double": "f560",
    "check-to-slot": "f772",
    "cheese": "f7ef",
    "chess": "f439",
    "chess-bishop": "f43a",
    "chess-board": "f43c",
    "chess-king": "f43f",
    "chess-knight": "f441",
    "chess-pawn": "f443",
    "chess-queen": "f445",
    "chess-rook": "f447",
    "chevron-down": "f078",
    "chevron-left": "f053",
    "chevron-right": "f054",
    "chevron-up": "f077",
    "child": "f1ae",
    "child-combatant": "e4e0",
    "child-dress": "e59c",
    "child-reaching": "e59d",
    "children": "e4e1",
    "church": "f51d",
    "circle": "f111",
    "circle-arrow-down": "f0ab",
    "circle-arrow-left": "f0a8",
    "circle-arrow-right": "f0a9",
    "circle-arrow-up": "f0aa",
    "circle-check": "f058",
    "circle-chevron-down": "f13a",
    "circle-chevron-left": "f137",
    "circle-chevron-right": "f138",
    "circle-chevron-up": "f139",
    "circle-dollar-to-slot": "f4b9",
    "circle-dot": "f192",
    "circle-down": "f358",
    "circle-exclamation": "f06a",
    "circle-h": "f47e",
    "circle-half-stroke": "f042",
    "circle-info": "f05a",
    "circle-left": "f359",
    "circle-minus": "f056",
    "circle-nodes": "e4e2",
    "circle-notch": "f1ce",
    "circle-pause": "f28b",
    "circle-play": "f144",
    "circle-plus": "f055",
    "circle-question": "f059",
    "circle-radiation": "f7ba",
    "circle-right": "f35a",
    "circle-stop": "f28d",
    "circle-up": "f35b",
    "circle-user": "f2bd",
    "circle-xmark": "f057",
    "city": "f64f",
    "clapperboard": "e131",
    "clipboard": "f328",
    "clipboard-check": "f46c",
    "clipboard-list": "f46d",
    "clipboard-question": "e4e3",
    "clipboard-user": "f7f3",
    "clock": "f017",
    "clock-rotate-left": "f1da",
    "clone": "f24d",
    "closed-captioning": "f20a",
    "cloud": "f0c2",
    "cloud-arrow-down": "f0ed",
    "cloud-arrow-up": "f0ee",
    "cloud-bolt": "f76c",
    "cloud-meatball": "f73b",
    "cloud-moon": "f6c3",
    "cloud-moon-rain": "f73c",
    "cloud-rain": "f73d",
    "cloud-showers-heavy": "f740",
    "cloud-showers-water": "e4e4",
    "cloud-sun": "f6c4",
    "cloud-sun-rain": "f743",
    "clover": "e139",
    "code": "f121",
    "code-branch": "f126",
    "code-commit": "f386",
    "code-compare": "e13a",
    "code-fork": "e13b",
    "code-merge": "f387",
    "code-pull-request": "e13c",
    "coins": "f51e",
    "colon-sign": "e140",
    "comment": "f075",
    "comment-dollar": "f651",
    "comment-dots": "f4ad",
    "comment-medical": "f7f5",
    "comment-nodes": "e696",
    "comment-slash": "f4b3",
    "comment-sms": "f7cd",
    "comments": "f086",
    "comments-dollar": "f653",
    "compact-disc": "f51f",
    "compass": "f14e",
    "compass-drafting": "f568",
    "compress": "f066",
    "computer": "e4e5",
    "computer-mouse": "f8cc",
    "cookie": "f563",
    "cookie-bite": "f564",
    "copy": "f0c5",
    "copyright": "f1f9",
    "couch": "f4b8",
    "cow": "f6c8",
    "credit-card": "f09d",
    "crop": "f125",
    "crop-simple": "f565",
    "cross": "f654",
    "crosshairs": "f05b",
    "crow": "f520",
    "crown": "f521",
    "crutch": "f7f7",
    "cruzeiro-sign": "e152",
    "cube": "f1b2",
    "cubes": "f1b3",
    "cubes-stacked": "e4e6",
    "d": "44",
    "database": "f1c0",
    "delete-left": "f55a",
    "democrat": "f747",
    "desktop": "f390",
    "dharmachakra": "f655",
    "diagram-next": "e476",
    "diagram-predecessor": "e477",
    "diagram-project": "f542",
    "diagram-successor": "e47a",
    "diamond": "f219",
    "diamond-turn-right": "f5eb",
    "dice": "f522",
    "dice-d20": "f6cf",
    "dice-d6": "f6d1",
    "dice-five": "f523",
    "dice-four": "f524",
    "dice-one": "f525",
    "dice-six": "f526",
    "dice-three": "f527",
    "dice-two": "f528",
    "disease": "f7fa",
    "display": "e163",
    "divide": "f529",
    "dna": "f471",
    "dog": "f6d3",
    "dollar-sign": "24",
    "dolly": "f472",
    "dong-sign": "e169",
    "door-closed": "f52a",
    "door-open": "f52b",
    "dove": "f4ba",
    "down-left-and-up-right-to-center": "f422",
    "down-long": "f309",
    "download": "f019",
    "dragon": "f6d5",
    "draw-polygon": "f5ee",
    "droplet": "f043",
    "droplet-slash": "f5c7",
    "drum": "f569",
    "drum-steelpan": "f56a",
    "drumstick-bite": "f6d7",
    "dumbbell": "f44b",
    "dumpster": "f793",
    "dumpster-fire": "f794",
    "dungeon": "f6d9",
    "e": "45",
    "ear-deaf": "f2a4",
    "ear-listen": "f2a2",
    "earth-africa": "f57c",
    "earth-americas": "f57d",
    "earth-asia": "f57e",
    "earth-europe": "f7a2",
    "earth-oceania": "e47b",
    "egg": "f7fb",
    "eject": "f052",
    "elevator": "e16d",
    "ellipsis": "f141",
    "ellipsis-vertical": "f142",
    "envelope": "f0e0",
    "envelope-circle-check": "e4e8",
    "envelope-open": "f2b6",
    "envelope-open-text": "f658",
    "envelopes-bulk": "f674",
    "equals": "3d",
    "eraser": "f12d",
    "ethernet": "f796",
    "euro-sign": "f153",
    "exclamation": "21",
    "expand": "f065",
    "explosion": "e4e9",
    "eye": "f06e",
    "eye-dropper": "f1fb",
    "eye-low-vision": "f2a8",
    "eye-slash": "f070",
    "f": "46",
    "face-angry": "f556",
    "face-dizzy": "f567",
    "face-flushed": "f579",
    "face-frown": "f119",
    "face-frown-open": "f57a",
    "face-grimace": "f57f",
    "face-grin": "f580",
    "face-grin-beam": "f582",
    "face-grin-beam-sweat": "f583",
    "face-grin-hearts": "f584",
    "face-grin-squint": "f585",
    "face-grin-squint-tears": "f586",
    "face-grin-stars": "f587",
    "face-grin-tears": "f588",
    "face-grin-tongue": "f589",
    "face-grin-tongue-squint": "f58a",
    "face-grin-tongue-wink": "f58b",
    "face-grin-wide": "f581",
    "face-grin-wink": "f58c",
    "face-kiss": "f596",
    "face-kiss-beam": "f597",
    "face-kiss-wink-heart": "f598",
    "face-laugh": "f599",
    "face-laugh-beam": "f59a",
    "face-laugh-squint": "f59b",
    "face-laugh-wink": "f59c",
    "face-meh": "f11a",
    "face-meh-blank": "f5a4",
    "face-rolling-eyes": "f5a5",
    "face-sad-cry": "f5b3",
    "face-sad-tear": "f5b4",
    "face-smile": "f118",
    "face-smile-beam": "f5b8",
    "face-smile-wink": "f4da",
    "face-surprise": "f5c2",
    "face-tired": "f5c8",
    "fan": "f863",
    "faucet": "e005",
    "faucet-drip": "e006",
    "fax": "f1ac",
    "feather": "f52d",
    "feather-pointed": "f56b",
    "ferry": "e4ea",
    "file": "f15b",
    "file-arrow-down": "f56d",
    "file-arrow-up": "f574",
    "file-audio": "f1c7",
    "file-circle-check": "e5a0",
    "file-circle-exclamation": "e4eb",
    "file-circle-minus": "e4ed",
    "file-circle-plus": "e494",
    "file-circle-question": "e4ef",
    "file-circle-xmark": "e5a1",
    "file-code": "f1c9",
    "file-contract": "f56c",
    "file-csv": "f6dd",
    "file-excel": "f1c3",
    "file-export": "f56e",
    "file-fragment": "e697",
    "file-half-dashed": "e698",
    "file-image": "f1c5",
    "file-import": "f56f",
    "file-invoice": "f570",
    "file-invoice-dollar": "f571",
    "file-lines": "f15c",
    "file-medical": "f477",
    "file-pdf": "f1c1",
    "file-pen": "f31c",
    "file-powerpoint": "f1c4",
    "file-prescription": "f572",
    "file-shield": "e4f0",
    "file-signature": "f573",
    "file-video": "f1c8",
    "file-waveform": "f478",
    "file-word": "f1c2",
    "file-zipper": "f1c6",
    "fill": "f575",
    "fill-drip": "f576",
    "film": "f008",
    "filter": "f0b0",
    "filter-circle-dollar": "f662",
    "filter-circle-xmark": "e17b",
    "fingerprint": "f577",
    "fire": "f06d",
    "fire-burner": "e4f1",
    "fire-extinguisher": "f134",
    "fire-flame-curved": "f7e4",
    "fire-flame-simple": "f46a",
    "fish": "f578",
    "fish-fins": "e4f2",
    "flag": "f024",
    "flag-checkered": "f11e",
    "flag-usa": "f74d",
    "flask": "f0c3",
    "flask-vial": "e4f3",
    "floppy-disk": "f0c7",
    "florin-sign": "e184",
    "folder": "f07b",
    "folder-closed": "e185",
    "folder-minus": "f65d",
    "folder-open": "f07c",
    "folder-plus": "f65e",
    "folder-tree": "f802",
    "font": "f031",
    "font-awesome": "f2b4",
    "football": "f44e",
    "forward": "f04e",
    "forward-fast": "f050",
    "forward-step": "f051",
    "franc-sign": "e18f",
    "frog": "f52e",
    "futbol": "f1e3",
    "g": "47",
    "gamepad": "f11b",
    "gas-pump": "f52f",
    "gauge": "f624",
    "gauge-high": "f625",
    "gauge-simple": "f629",
    "gauge-simple-high": "f62a",
    "gavel": "f0e3",
    "gear": "f013",
    "gears": "f085",
    "gem": "f3a5",
    "genderless": "f22d",
    "ghost": "f6e2",
    "gift": "f06b",
    "gifts": "f79c",
    "glass-water": "e4f4",
    "glass-water-droplet": "e4f5",
    "glasses": "f530",
    "globe": "f0ac",
    "golf-ball-tee": "f450",
    "gopuram": "f664",
    "graduation-cap": "f19d",
    "greater-than": "3e",
    "greater-than-equal": "f532",
    "grip": "f58d",
    "grip-lines": "f7a4",
    "grip-lines-vertical": "f7a5",
    "grip-vertical": "f58e",
    "group-arrows-rotate": "e4f6",
    "guarani-sign": "e19a",
    "guitar": "f7a6",
    "gun": "e19b",
    "h": "48",
    "hammer": "f6e3",
    "hamsa": "f665",
    "hand": "f256",
    "hand-back-fist": "f255",
    "hand-dots": "f461",
    "hand-fist": "f6de",
    "hand-holding": "f4bd",
    "hand-holding-dollar": "f4c0",
    "hand-holding-droplet": "f4c1",
    "hand-holding-hand": "e4f7",
    "hand-holding-heart": "f4be",
    "hand-holding-medical": "e05c",
    "hand-lizard": "f258",
    "hand-middle-finger": "f806",
    "hand-peace": "f25b",
    "hand-point-down": "f0a7",
    "hand-point-left": "f0a5",
    "hand-point-right": "f0a4",
    "hand-point-up": "f0a6",
    "hand-pointer": "f25a",
    "hand-scissors": "f257",
    "hand-sparkles": "e05d",
    "hand-spock": "f259",
    "handcuffs": "e4f8",
    "hands": "f2a7",
    "hands-asl-interpreting": "f2a3",
    "hands-bound": "e4f9",
    "hands-bubbles": "e05e",
    "hands-clapping": "e1a8",
    "hands-holding": "f4c2",
    "hands-holding-child": "e4fa",
    "hands-holding-circle": "e4fb",
    "hands-praying": "f684",
    "handshake": "f2b5",
    "handshake-angle": "f4c4",
    "handshake-simple": "f4c6",
    "handshake-simple-slash": "e05f",
    "handshake-slash": "e060",
    "hanukiah": "f6e6",
    "hard-drive": "f0a0",
    "hashtag": "23",
    "hat-cowboy": "f8c0",
    "hat-cowboy-side": "f8c1",
    "hat-wizard": "f6e8",
    "head-side-cough": "e061",
    "head-side-cough-slash": "e062",
    "head-side-mask": "e063",
    "head-side-virus": "e064",
    "heading": "f1dc",
    "headphones": "f025",
    "headphones-simple": "f58f",
    "headset": "f590",
    "heart": "f004",
    "heart-circle-bolt": "e4fc",
    "heart-circle-check": "e4fd",
    "heart-circle-exclamation": "e4fe",
    "heart-circle-minus": "e4ff",
    "heart-circle-plus": "e500",
    "heart-circle-xmark": "e501",
    "heart-crack": "f7a9",
    "heart-pulse": "f21e",
    "helicopter": "f533",
    "helicopter-symbol": "e502",
    "helmet-safety": "f807",
    "helmet-un": "e503",
    "hexagon-nodes": "e699",
    "hexagon-nodes-bolt": "e69a",
    "highlighter": "f591",
    "hill-avalanche": "e507",
    "hill-rockslide": "e508",
    "hippo": "f6ed",
    "hockey-puck": "f453",
    "holly-berry": "f7aa",
    "horse": "f6f0",
    "horse-head": "f7ab",
    "hospital": "f0f8",
    "hospital-user": "f80d",
    "hot-tub-person": "f593",
    "hotdog": "f80f",
    "hotel": "f594",
    "hourglass": "f254",
    "hourglass-end": "f253",
    "hourglass-half": "f252",
    "hourglass-start": "f251",
    "house": "f015",
    "house-chimney": "e3af",
    "house-chimney-crack": "f6f1",
    "house-chimney-medical": "f7f2",
    "house-chimney-user": "e065",
    "house-chimney-window": "e00d",
    "house-circle-check": "e509",
    "house-circle-exclamation": "e50a",
    "house-circle-xmark": "e50b",
    "house-crack": "e3b1",
    "house-fire": "e50c",
    "house-flag": "e50d",
    "house-flood-water": "e50e",
    "house-flood-water-circle-arrow-right": "e50f",
    "house-laptop": "e066",
    "house-lock": "e510",
    "house-medical": "e3b2",
    "house-medical-circle-check": "e511",
    "house-medical-circle-exclamation": "e512",
    "house-medical-circle-xmark": "e513",
    "house-medical-flag": "e514",
    "house-signal": "e012",
    "house-tsunami": "e515",
    "house-user": "e1b0",
    "hryvnia-sign": "f6f2",
    "hurricane": "f751",
    "i": "49",
    "i-cursor": "f246",
    "ice-cream": "f810",
    "icicles": "f7ad",
    "icons": "f86d",
    "id-badge": "f2c1",
    "id-card": "f2c2",
    "id-card-clip": "f47f",
    "igloo": "f7ae",
    "image": "f03e",
    "image-portrait": "f3e0",
    "images": "f302",
    "inbox": "f01c",
    "indent": "f03c",
    "indian-rupee-sign": "e1bc",
    "industry": "f275",
    "infinity": "f534",
    "info": "f129",
    "italic": "f033",
    "j": "4a",
    "jar": "e516",
    "jar-wheat": "e517",
    "jedi": "f669",
    "jet-fighter": "f0fb",
    "jet-fighter-up": "e518",
    "joint": "f595",
    "jug-detergent": "e519",
    "k": "4b",
    "kaaba": "f66b",
    "key": "f084",
    "keyboard": "f11c",
    "khanda": "f66d",
    "kip-sign": "e1c4",
    "kit-medical": "f479",
    "kitchen-set": "e51a",
    "kiwi-bird": "f535",
    "l": "4c",
    "land-mine-on": "e51b",
    "landmark": "f66f",
    "landmark-dome": "f752",
    "landmark-flag": "e51c",
    "language": "f1ab",
    "laptop": "f109",
    "laptop-code": "f5fc",
    "laptop-file": "e51d",
    "laptop-medical": "f812",
    "lari-sign": "e1c8",
    "layer-group": "f5fd",
    "leaf": "f06c",
    "left-long": "f30a",
    "left-right": "f337",
    "lemon": "f094",
    "less-than": "3c",
    "less-than-equal": "f537",
    "life-ring": "f1cd",
    "lightbulb": "f0eb",
    "lines-leaning": "e51e",
    "link": "f0c1",
    "link-slash": "f127",
    "lira-sign": "f195",
    "list": "f03a",
    "list-check": "f0ae",
    "list-ol": "f0cb",
    "list-ul": "f0ca",
    "litecoin-sign": "e1d3",
    "location-arrow": "f124",
    "location-crosshairs": "f601",
    "location-dot": "f3c5",
    "location-pin": "f041",
    "location-pin-lock": "e51f",
    "lock": "f023",
    "lock-open": "f3c1",
    "locust": "e520",
    "lungs": "f604",
    "lungs-virus": "e067",
    "m": "4d",
    "magnet": "f076",
    "magnifying-glass": "f002",
    "magnifying-glass-arrow-right": "e521",
    "magnifying-glass-chart": "e522",
    "magnifying-glass-dollar": "f688",
    "magnifying-glass-location": "f689",
    "magnifying-glass-minus": "f010",
    "magnifying-glass-plus": "f00e",
    "manat-sign": "e1d5",
    "map": "f279",
    "map-location": "f59f",
    "map-location-dot": "f5a0",
    "map-pin": "f276",
    "marker": "f5a1",
    "mars": "f222",
    "mars-and-venus": "f224",
    "mars-and-venus-burst": "e523",
    "mars-double": "f227",
    "mars-stroke": "f229",
    "mars-stroke-right": "f22b",
    "mars-stroke-up": "f22a",
    "martini-glass": "f57b",
    "martini-glass-citrus": "f561",
    "martini-glass-empty": "f000",
    "mask": "f6fa",
    "mask-face": "e1d7",
    "mask-ventilator": "e524",
    "masks-theater": "f630",
    "mattress-pillow": "e525",
    "maximize": "f31e",
    "medal": "f5a2",
    "memory": "f538",
    "menorah": "f676",
    "mercury": "f223",
    "message": "f27a",
    "meteor": "f753",
    "microchip": "f2db",
    "microphone": "f130",
    "microphone-lines": "f3c9",
    "microphone-lines-slash": "f539",
    "microphone-slash": "f131",
    "microscope": "f610",
    "mill-sign": "e1ed",
    "minimize": "f78c",
    "minus": "f068",
    "mitten": "f7b5",
    "mobile": "f3ce",
    "mobile-button": "f10b",
    "mobile-retro": "e527",
    "mobile-screen": "f3cf",
    "mobile-screen-button": "f3cd",
    "money-bill": "f0d6",
    "money-bill-1": "f3d1",
    "money-bill-1-wave": "f53b",
    "money-bill-transfer": "e528",
    "money-bill-trend-up": "e529",
    "money-bill-wave": "f53a",
    "money-bill-wheat": "e52a",
    "money-bills": "e1f3",
    "money-check": "f53c",
    "money-check-dollar": "f53d",
    "monument": "f5a6",
    "moon": "f186",
    "mortar-pestle": "f5a7",
    "mosque": "f678",
    "mosquito": "e52b",
    "mosquito-net": "e52c",
    "motorcycle": "f21c",
    "mound": "e52d",
    "mountain": "f6fc",
    "mountain-city": "e52e",
    "mountain-sun": "e52f",
    "mug-hot": "f7b6",
    "mug-saucer": "f0f4",
    "music": "f001",
    "n": "4e",
    "naira-sign": "e1f6",
    "network-wired": "f6ff",
    "neuter": "f22c",
    "newspaper": "f1ea",
    "not-equal": "f53e",
    "notdef": "e1fe",
    "note-sticky": "f249",
    "notes-medical": "f481",
    "o": "4f",
    "object-group": "f247",
    "object-ungroup": "f248",
    "oil-can": "f613",
    "oil-well": "e532",
    "om": "f679",
    "otter": "f700",
    "outdent": "f03b",
    "p": "50",
    "pager": "f815",
    "paint-roller": "f5aa",
    "paintbrush": "f1fc",
    "palette": "f53f",
    "pallet": "f482",
    "panorama": "e209",
    "paper-plane": "f1d8",
    "paperclip": "f0c6",
    "parachute-box": "f4cd",
    "paragraph": "f1dd",
    "passport": "f5ab",
    "paste": "f0ea",
    "pause": "f04c",
    "paw": "f1b0",
    "peace": "f67c",
    "pen": "f304",
    "pen-clip": "f305",
    "pen-fancy": "f5ac",
    "pen-nib": "f5ad",
    "pen-ruler": "f5ae",
    "pen-to-square": "f044",
    "pencil": "f303",
    "people-arrows": "e068",
    "people-carry-box": "f4ce",
    "people-group": "e533",
    "people-line": "e534",
    "people-pulling": "e535",
    "people-robbery": "e536",
    "people-roof": "e537",
    "pepper-hot": "f816",
    "percent": "25",
    "person": "f183",
    "person-arrow-down-to-line": "e538",
    "person-arrow-up-from-line": "e539",
    "person-biking": "f84a",
    "person-booth": "f756",
    "person-breastfeeding": "e53a",
    "person-burst": "e53b",
    "person-cane": "e53c",
    "person-chalkboard": "e53d",
    "person-circle-check": "e53e",
    "person-circle-exclamation": "e53f",
    "person-circle-minus": "e540",
    "person-circle-plus": "e541",
    "person-circle-question": "e542",
    "person-circle-xmark": "e543",
    "person-digging": "f85e",
    "person-dots-from-line": "f470",
    "person-dress": "f182",
    "person-dress-burst": "e544",
    "person-drowning": "e545",
    "person-falling": "e546",
    "person-falling-burst": "e547",
    "person-half-dress": "e548",
    "person-harassing": "e549",
    "person-hiking": "f6ec",
    "person-military-pointing": "e54a",
    "person-military-rifle": "e54b",
    "person-military-to-person": "e54c",
    "person-praying": "f683",
    "person-pregnant": "e31e",
    "person-rays": "e54d",
    "person-rifle": "e54e",
    "person-running": "f70c",
    "person-shelter": "e54f",
    "person-skating": "f7c5",
    "person-skiing": "f7c9",
    "person-skiing-nordic": "f7ca",
    "person-snowboarding": "f7ce",
    "person-swimming": "f5c4",
    "person-through-window": "e5a9",
    "person-walking": "f554",
    "person-walking-arrow-loop-left": "e551",
    "person-walking-arrow-right": "e552",
    "person-walking-dashed-line-arrow-right": "e553",
    "person-walking-luggage": "e554",
    "person-walking-with-cane": "f29d",
    "peseta-sign": "e221",
    "peso-sign": "e222",
    "phone": "f095",
    "phone-flip": "f879",
    "phone-slash": "f3dd",
    "phone-volume": "f2a0",
    "photo-film": "f87c",
    "piggy-bank": "f4d3",
    "pills": "f484",
    "pizza-slice": "f818",
    "place-of-worship": "f67f",
    "plane": "f072",
    "plane-arrival": "f5af",
    "plane-circle-check": "e555",
    "plane-circle-exclamation": "e556",
    "plane-circle-xmark": "e557",
    "plane-departure": "f5b0",
    "plane-lock": "e558",
    "plane-slash": "e069",
    "plane-up": "e22d",
    "plant-wilt": "e5aa",
    "plate-wheat": "e55a",
    "play": "f04b",
    "plug": "f1e6",
    "plug-circle-bolt": "e55b",
    "plug-circle-check": "e55c",
    "plug-circle-exclamation": "e55d",
    "plug-circle-minus": "e55e",
    "plug-circle-plus": "e55f",
    "plug-circle-xmark": "e560",
    "plus": "2b",
    "plus-minus": "e43c",
    "podcast": "f2ce",
    "poo": "f2fe",
    "poo-storm": "f75a",
    "poop": "f619",
    "power-off": "f011",
    "prescription": "f5b1",
    "prescription-bottle": "f485",
    "prescription-bottle-medical": "f486",
    "print": "f02f",
    "pump-medical": "e06a",
    "pump-soap": "e06b",
    "puzzle-piece": "f12e",
    "q": "51",
    "qrcode": "f029",
    "question": "3f",
    "quote-left": "f10d",
    "quote-right": "f10e",
    "r": "52",
    "radiation": "f7b9",
    "radio": "f8d7",
    "rainbow": "f75b",
    "ranking-star": "e561",
    "receipt": "f543",
    "record-vinyl": "f8d9",
    "rectangle-ad": "f641",
    "rectangle-list": "f022",
    "rectangle-xmark": "f410",
    "recycle": "f1b8",
    "registered": "f25d",
    "repeat": "f363",
    "reply": "f3e5",
    "reply-all": "f122",
    "republican": "f75e",
    "restroom": "f7bd",
    "retweet": "f079",
    "ribbon": "f4d6",
    "right-from-bracket": "f2f5",
    "right-left": "f362",
    "right-long": "f30b",
    "right-to-bracket": "f2f6",
    "ring": "f70b",
    "road": "f018",
    "road-barrier": "e562",
    "road-bridge": "e563",
    "road-circle-check": "e564",
    "road-circle-exclamation": "e565",
    "road-circle-xmark": "e566",
    "road-lock": "e567",
    "road-spikes": "e568",
    "robot": "f544",
    "rocket": "f135",
    "rotate": "f2f1",
    "rotate-left": "f2ea",
    "rotate-right": "f2f9",
    "route": "f4d7",
    "rss": "f09e",
    "ruble-sign": "f158",
    "rug": "e569",
    "ruler": "f545",
    "ruler-combined": "f546",
    "ruler-horizontal": "f547",
    "ruler-vertical": "f548",
    "rupee-sign": "f156",
    "rupiah-sign": "e23d",
    "s": "53",
    "sack-dollar": "f81d",
    "sack-xmark": "e56a",
    "sailboat": "e445",
    "satellite": "f7bf",
    "satellite-dish": "f7c0",
    "scale-balanced": "f24e",
    "scale-unbalanced": "f515",
    "scale-unbalanced-flip": "f516",
    "school": "f549",
    "school-circle-check": "e56b",
    "school-circle-exclamation": "e56c",
    "school-circle-xmark": "e56d",
    "school-flag": "e56e",
    "school-lock": "e56f",
    "scissors": "f0c4",
    "screwdriver": "f54a",
    "screwdriver-wrench": "f7d9",
    "scroll": "f70e",
    "scroll-torah": "f6a0",
    "sd-card": "f7c2",
    "section": "e447",
    "seedling": "f4d8",
    "server": "f233",
    "shapes": "f61f",
    "share": "f064",
    "share-from-square": "f14d",
    "share-nodes": "f1e0",
    "sheet-plastic": "e571",
    "shekel-sign": "f20b",
    "shield": "f132",
    "shield-cat": "e572",
    "shield-dog": "e573",
    "shield-halved": "f3ed",
    "shield-heart": "e574",
    "shield-virus": "e06c",
    "ship": "f21a",
    "shirt": "f553",
    "shoe-prints": "f54b",
    "shop": "f54f",
    "shop-lock": "e4a5",
    "shop-slash": "e070",
    "shower": "f2cc",
    "shrimp": "e448",
    "shuffle": "f074",
    "shuttle-space": "f197",
    "sign-hanging": "f4d9",
    "signal": "f012",
    "signature": "f5b7",
    "signs-post": "f277",
    "sim-card": "f7c4",
    "sink": "e06d",
    "sitemap": "f0e8",
    "skull": "f54c",
    "skull-crossbones": "f714",
    "slash": "f715",
    "sleigh": "f7cc",
    "sliders": "f1de",
    "smog": "f75f",
    "smoking": "f48d",
    "snowflake": "f2dc",
    "snowman": "f7d0",
    "snowplow": "f7d2",
    "soap": "e06e",
    "socks": "f696",
    "solar-panel": "f5ba",
    "sort": "f0dc",
    "sort-down": "f0dd",
    "sort-up": "f0de",
    "spa": "f5bb",
    "spaghetti-monster-flying": "f67b",
    "spell-check": "f891",
    "spider": "f717",
    "spinner": "f110",
    "splotch": "f5bc",
    "spoon": "f2e5",
    "spray-can": "f5bd",
    "spray-can-sparkles": "f5d0",
    "square": "f0c8",
    "square-arrow-up-right": "f14c",
    "square-binary": "e69b",
    "square-caret-down": "f150",
    "square-caret-left": "f191",
    "square-caret-right": "f152",
    "square-caret-up": "f151",
    "square-check": "f14a",
    "square-envelope": "f199",
    "square-full": "f45c",
    "square-h": "f0fd",
    "square-minus": "f146",
    "square-nfi": "e576",
    "square-parking": "f540",
    "square-pen": "f14b",
    "square-person-confined": "e577",
    "square-phone": "f098",
    "square-phone-flip": "f87b",
    "square-plus": "f0fe",
    "square-poll-horizontal": "f682",
    "square-poll-vertical": "f681",
    "square-root-variable": "f698",
    "square-rss": "f143",
    "square-share-nodes": "f1e1",
    "square-up-right": "f360",
    "square-virus": "e578",
    "square-xmark": "f2d3",
    "staff-snake": "e579",
    "stairs": "e289",
    "stamp": "f5bf",
    "stapler": "e5af",
    "star": "f005",
    "star-and-crescent": "f699",
    "star-half": "f089",
    "star-half-stroke": "f5c0",
    "star-of-david": "f69a",
    "star-of-life": "f621",
    "sterling-sign": "f154",
    "stethoscope": "f0f1",
    "stop": "f04d",
    "stopwatch": "f2f2",
    "stopwatch-20": "e06f",
    "store": "f54e",
    "store-slash": "e071",
    "street-view": "f21d",
    "strikethrough": "f0cc",
    "stroopwafel": "f551",
    "subscript": "f12c",
    "suitcase": "f0f2",
    "suitcase-medical": "f0fa",
    "suitcase-rolling": "f5c1",
    "sun": "f185",
    "sun-plant-wilt": "e57a",
    "superscript": "f12b",
    "swatchbook": "f5c3",
    "synagogue": "f69b",
    "syringe": "f48e",
    "t": "54",
    "table": "f0ce",
    "table-cells": "f00a",
    "table-cells-column-lock": "e678",
    "table-cells-large": "f009",
    "table-cells-row-lock": "e67a",
    "table-cells-row-unlock": "e691",
    "table-columns": "f0db",
    "table-list": "f00b",
    "table-tennis-paddle-ball": "f45d",
    "tablet": "f3fb",
    "tablet-button": "f10a",
    "tablet-screen-button": "f3fa",
    "tablets": "f490",
    "tachograph-digital": "f566",
    "tag": "f02b",
    "tags": "f02c",
    "tape": "f4db",
    "tarp": "e57b",
    "tarp-droplet": "e57c",
    "taxi": "f1ba",
    "teeth": "f62e",
    "teeth-open": "f62f",
    "temperature-arrow-down": "e03f",
    "temperature-arrow-up": "e040",
    "temperature-empty": "f2cb",
    "temperature-full": "f2c7",
    "temperature-half": "f2c9",
    "temperature-high": "f769",
    "temperature-low": "f76b",
    "temperature-quarter": "f2ca",
    "temperature-three-quarters": "f2c8",
    "tenge-sign": "f7d7",
    "tent": "e57d",
    "tent-arrow-down-to-line": "e57e",
    "tent-arrow-left-right": "e57f",
    "tent-arrow-turn-left": "e580",
    "tent-arrows-down": "e581",
    "tents": "e582",
    "terminal": "f120",
    "text-height": "f034",
    "text-slash": "f87d",
    "text-width": "f035",
    "thermometer": "f491",
    "thumbs-down": "f165",
    "thumbs-up": "f164",
    "thumbtack": "f08d",
    "thumbtack-slash": "e68f",
    "ticket": "f145",
    "ticket-simple": "f3ff",
    "timeline": "e29c",
    "toggle-off": "f204",
    "toggle-on": "f205",
    "toilet": "f7d8",
    "toilet-paper": "f71e",
    "toilet-paper-slash": "e072",
    "toilet-portable": "e583",
    "toilets-portable": "e584",
    "toolbox": "f552",
    "tooth": "f5c9",
    "torii-gate": "f6a1",
    "tornado": "f76f",
    "tower-broadcast": "f519",
    "tower-cell": "e585",
    "tower-observation": "e586",
    "tractor": "f722",
    "trademark": "f25c",
    "traffic-light": "f637",
    "trailer": "e041",
    "train": "f238",
    "train-subway": "f239",
    "train-tram": "e5b4",
    "transgender": "f225",
    "trash": "f1f8",
    "trash-arrow-up": "f829",
    "trash-can": "f2ed",
    "trash-can-arrow-up": "f82a",
    "tree": "f1bb",
    "tree-city": "e587",
    "triangle-exclamation": "f071",
    "trophy": "f091",
    "trowel": "e589",
    "trowel-bricks": "e58a",
    "truck": "f0d1",
    "truck-arrow-right": "e58b",
    "truck-droplet": "e58c",
    "truck-fast": "f48b",
    "truck-field": "e58d",
    "truck-field-un": "e58e",
    "truck-front": "e2b7",
    "truck-medical": "f0f9",
    "truck-monster": "f63b",
    "truck-moving": "f4df",
    "truck-pickup": "f63c",
    "truck-plane": "e58f",
    "truck-ramp-box": "f4de",
    "tty": "f1e4",
    "turkish-lira-sign": "e2bb",
    "turn-down": "f3be",
    "turn-up": "f3bf",
    "tv": "f26c",
    "u": "55",
    "umbrella": "f0e9",
    "umbrella-beach": "f5ca",
    "underline": "f0cd",
    "universal-access": "f29a",
    "unlock": "f09c",
    "unlock-keyhole": "f13e",
    "up-down": "f338",
    "up-down-left-right": "f0b2",
    "up-long": "f30c",
    "up-right-and-down-left-from-center": "f424",
    "up-right-from-square": "f35d",
    "upload": "f093",
    "user": "f007",
    "user-astronaut": "f4fb",
    "user-check": "f4fc",
    "user-clock": "f4fd",
    "user-doctor": "f0f0",
    "user-gear": "f4fe",
    "user-graduate": "f501",
    "user-group": "f500",
    "user-injured": "f728",
    "user-large": "f406",
    "user-large-slash": "f4fa",
    "user-lock": "f502",
    "user-minus": "f503",
    "user-ninja": "f504",
    "user-nurse": "f82f",
    "user-pen": "f4ff",
    "user-plus": "f234",
    "user-secret": "f21b",
    "user-shield": "f505",
    "user-slash": "f506",
    "user-tag": "f507",
    "user-tie": "f508",
    "user-xmark": "f235",
    "users": "f0c0",
    "users-between-lines": "e591",
    "users-gear": "f509",
    "users-line": "e592",
    "users-rays": "e593",
    "users-rectangle": "e594",
    "users-slash": "e073",
    "users-viewfinder": "e595",
    "utensils": "f2e7",
    "v": "56",
    "van-shuttle": "f5b6",
    "vault": "e2c5",
    "vector-square": "f5cb",
    "venus": "f221",
    "venus-double": "f226",
    "venus-mars": "f228",
    "vest": "e085",
    "vest-patches": "e086",
    "vial": "f492",
    "vial-circle-check": "e596",
    "vial-virus": "e597",
    "vials": "f493",
    "video": "f03d",
    "video-slash": "f4e2",
    "vihara": "f6a7",
    "virus": "e074",
    "virus-covid": "e4a8",
    "virus-covid-slash": "e4a9",
    "virus-slash": "e075",
    "viruses": "e076",
    "voicemail": "f897",
    "volcano": "f770",
    "volleyball": "f45f",
    "volume-high": "f028",
    "volume-low": "f027",
    "volume-off": "f026",
    "volume-xmark": "f6a9",
    "vr-cardboard": "f729",
    "w": "57",
    "walkie-talkie": "f8ef",
    "wallet": "f555",
    "wand-magic": "f0d0",
    "wand-magic-sparkles": "e2ca",
    "wand-sparkles": "f72b",
    "warehouse": "f494",
    "water": "f773",
    "water-ladder": "f5c5",
    "wave-square": "f83e",
    "web-awesome": "e682",
    "weight-hanging": "f5cd",
    "weight-scale": "f496",
    "wheat-awn": "e2cd",
    "wheat-awn-circle-exclamation": "e598",
    "wheelchair": "f193",
    "wheelchair-move": "e2ce",
    "whiskey-glass": "f7a0",
    "wifi": "f1eb",
    "wind": "f72e",
    "window-maximize": "f2d0",
    "window-minimize": "f2d1",
    "window-restore": "f2d2",
    "wine-bottle": "f72f",
    "wine-glass": "f4e3",
    "wine-glass-empty": "f5ce",
    "won-sign": "f159",
    "worm": "e599",
    "wrench": "f0ad",
    "x": "58",
    "x-ray": "f497",
    "xmark": "f00d",
    "xmarks-lines": "e59a",
    "y": "59",
    "yen-sign": "f157",
    "yin-yang": "f6ad",
    "z": "5a"
}